{"cameraMode":{"drawMode":0,"name":"Shaded","section":"Shading Mode"},"sceneLighting":true,"audioPlay":false,"sceneViewState":{"m_AlwaysRefresh":false,"showFog":true,"showSkybox":false,"showFlares":true,"showImageEffects":true,"showParticleSystems":true,"showVisualEffectGraphs":true,"m_FxEnabled":true},"in2DMode":false,"pivot":{"x":5.960464477539063e-8,"y":0.538999080657959,"z":-1.1920928955078126e-7},"rotation":{"x":0.010395039804279805,"y":-0.9896772503852844,"z":0.07273132354021073,"w":0.12596772611141206},"size":1.0227999687194825,"orthographic":false}