{"cameraMode":{"drawMode":0,"name":"Shaded","section":"Shading Mode"},"sceneLighting":false,"audioPlay":false,"sceneViewState":{"m_AlwaysRefresh":false,"showFog":true,"showSkybox":false,"showFlares":true,"showImageEffects":true,"showParticleSystems":true,"showVisualEffectGraphs":true,"m_FxEnabled":true},"in2DMode":false,"pivot":{"x":-0.000014066696166992188,"y":1.7640795707702637,"z":3.4180455207824709},"rotation":{"x":-0.07791304588317871,"y":0.04997607320547104,"z":-0.0026807368267327549,"w":-0.9960606098175049},"size":7.250698089599609,"orthographic":false}