{"cameraMode":{"drawMode":0,"name":"Shaded","section":"Shading Mode"},"sceneLighting":false,"audioPlay":false,"sceneViewState":{"m_AlwaysRefresh":false,"showFog":true,"showSkybox":false,"showFlares":true,"showImageEffects":true,"showParticleSystems":true,"showVisualEffectGraphs":true,"m_FxEnabled":true},"in2DMode":false,"pivot":{"x":62.375972747802737,"y":-3.669313907623291,"z":55.70793151855469},"rotation":{"x":0.0017337801400572062,"y":-0.980509340763092,"z":0.18318238854408265,"w":0.07679496705532074},"size":3.079561233520508,"orthographic":false}