{"cameraMode":{"drawMode":0,"name":"Shaded","section":"Shading Mode"},"sceneLighting":false,"audioPlay":false,"sceneViewState":{"m_AlwaysRefresh":false,"showFog":true,"showSkybox":false,"showFlares":true,"showImageEffects":true,"showParticleSystems":true,"showVisualEffectGraphs":true,"m_FxEnabled":true},"in2DMode":false,"pivot":{"x":0.2576313018798828,"y":0.9964486360549927,"z":-1.299750566482544},"rotation":{"x":0.07773855328559876,"y":-0.8352657556533814,"z":0.15465763211250306,"w":0.5258678793907166},"size":1.5573574304580689,"orthographic":false}