{"cameraMode":{"drawMode":0,"name":"Shaded","section":"Shading Mode"},"sceneLighting":false,"audioPlay":false,"sceneViewState":{"m_AlwaysRefresh":false,"showFog":true,"showSkybox":false,"showFlares":true,"showImageEffects":true,"showParticleSystems":true,"showVisualEffectGraphs":true,"m_FxEnabled":true},"in2DMode":false,"pivot":{"x":-0.9469589591026306,"y":0.029152080416679384,"z":-0.1706649363040924},"rotation":{"x":-0.030971189960837365,"y":0.38838228583335879,"z":-0.028037281706929208,"w":-0.9228417873382568},"size":0.05024915561079979,"orthographic":false}