{"cameraMode":{"drawMode":0,"name":"Shaded","section":"Shading Mode"},"sceneLighting":false,"audioPlay":false,"sceneViewState":{"m_AlwaysRefresh":false,"showFog":true,"showSkybox":false,"showFlares":true,"showImageEffects":true,"showParticleSystems":true,"showVisualEffectGraphs":true,"m_FxEnabled":true},"in2DMode":false,"pivot":{"x":74.45072937011719,"y":19.404991149902345,"z":40.47161102294922},"rotation":{"x":0.0015428047627210618,"y":-0.6361134648323059,"z":-0.025930149480700494,"w":-0.7738589644432068},"size":23.07859992980957,"orthographic":false}