{"cameraMode":{"drawMode":0,"name":"Shaded","section":"Shading Mode"},"sceneLighting":false,"audioPlay":false,"sceneViewState":{"m_AlwaysRefresh":false,"showFog":true,"showSkybox":false,"showFlares":true,"showImageEffects":true,"showParticleSystems":true,"showVisualEffectGraphs":true,"m_FxEnabled":true},"in2DMode":false,"pivot":{"x":45.10056686401367,"y":-0.26381397247314455,"z":-3.5878469944000246},"rotation":{"x":-0.010691740550100804,"y":0.9783453345298767,"z":-0.20116429030895234,"w":-0.050107989460229877},"size":5.266672611236572,"orthographic":false}