{"cameraMode":{"drawMode":0,"name":"Shaded","section":"Shading Mode"},"sceneLighting":false,"audioPlay":false,"sceneViewState":{"m_AlwaysRefresh":false,"showFog":true,"showSkybox":false,"showFlares":true,"showImageEffects":true,"showParticleSystems":true,"showVisualEffectGraphs":true,"m_FxEnabled":true},"in2DMode":false,"pivot":{"x":1.1199569702148438,"y":1.4014817476272584,"z":7.440269947052002},"rotation":{"x":0.05102197453379631,"y":-0.8736627697944641,"z":-0.09159599989652634,"w":-0.47584444284439089},"size":1.812464952468872,"orthographic":false}