{"cameraMode":{"drawMode":0,"name":"Shaded","section":"Shading Mode"},"sceneLighting":false,"audioPlay":false,"sceneViewState":{"m_AlwaysRefresh":false,"showFog":true,"showSkybox":false,"showFlares":true,"showImageEffects":true,"showParticleSystems":true,"showVisualEffectGraphs":true,"m_FxEnabled":true},"in2DMode":false,"pivot":{"x":-1060.461181640625,"y":43.653751373291019,"z":-72.65792846679688},"rotation":{"x":-0.010691740550100804,"y":0.9783453345298767,"z":-0.20116429030895234,"w":-0.050107989460229877},"size":95.08946990966797,"orthographic":false}