{"cameraMode":{"drawMode":0,"name":"Shaded","section":"Shading Mode"},"sceneLighting":false,"audioPlay":false,"sceneViewState":{"m_AlwaysRefresh":false,"showFog":true,"showSkybox":false,"showFlares":true,"showImageEffects":true,"showParticleSystems":true,"showVisualEffectGraphs":true,"m_FxEnabled":true},"in2DMode":false,"pivot":{"x":367.7311706542969,"y":368.2070007324219,"z":294.1810302734375},"rotation":{"x":-0.058475855737924579,"y":-0.008381224237382412,"z":0.001711459131911397,"w":-0.9986076354980469},"size":665.929443359375,"orthographic":false}