{"cameraMode":{"drawMode":0,"name":"Shaded","section":"Shading Mode"},"sceneLighting":false,"audioPlay":false,"sceneViewState":{"m_AlwaysRefresh":false,"showFog":true,"showSkybox":false,"showFlares":true,"showImageEffects":true,"showParticleSystems":true,"showVisualEffectGraphs":true,"m_FxEnabled":true},"in2DMode":false,"pivot":{"x":-60.60696792602539,"y":0.5204125642776489,"z":-19.18592071533203},"rotation":{"x":0.014750044792890549,"y":0.7563764452934265,"z":0.016582394018769265,"w":-0.6541695594787598},"size":4.879660129547119,"orthographic":false}