{"cameraMode":{"drawMode":0,"name":"Shaded","section":"Shading Mode"},"sceneLighting":false,"audioPlay":false,"sceneViewState":{"m_AlwaysRefresh":false,"showFog":true,"showSkybox":false,"showFlares":true,"showImageEffects":true,"showParticleSystems":true,"showVisualEffectGraphs":true,"m_FxEnabled":true},"in2DMode":false,"pivot":{"x":-0.29913997650146487,"y":1.2841066122055054,"z":0.5275182723999023},"rotation":{"x":0.0999317616224289,"y":0.34239107370376589,"z":-0.037186432629823688,"w":0.933664083480835},"size":3.534067392349243,"orthographic":false}