{"cameraMode":{"drawMode":0,"name":"Shaded","section":"Shading Mode"},"sceneLighting":false,"audioPlay":false,"sceneViewState":{"m_AlwaysRefresh":false,"showFog":true,"showSkybox":false,"showFlares":true,"showImageEffects":true,"showParticleSystems":true,"showVisualEffectGraphs":true,"m_FxEnabled":true},"in2DMode":false,"pivot":{"x":10.817152976989746,"y":-4.740867614746094,"z":-46.872493743896487},"rotation":{"x":0.052606839686632159,"y":0.9183470606803894,"z":-0.36985474824905398,"w":0.13166901469230653},"size":57.93626022338867,"orthographic":false}