{"cameraMode":{"drawMode":0,"name":"Shaded","section":"Shading Mode"},"sceneLighting":false,"audioPlay":false,"sceneViewState":{"m_AlwaysRefresh":false,"showFog":true,"showSkybox":false,"showFlares":true,"showImageEffects":true,"showParticleSystems":true,"showVisualEffectGraphs":true,"m_FxEnabled":true},"in2DMode":false,"pivot":{"x":-0.2714576721191406,"y":0.7816236615180969,"z":-0.16865020990371705},"rotation":{"x":0.004146865103393793,"y":-0.7524904608726502,"z":-0.0023504216223955156,"w":-0.6591061949729919},"size":1.0514775514602662,"orthographic":false}